<?xml version="1.0" encoding="UTF-8"?>
<jcr:root xmlns:sling="http://sling.apache.org/jcr/sling/1.0" xmlns:cq="http://www.day.com/jcr/cq/1.0" xmlns:jcr="http://www.jcp.org/jcr/1.0" xmlns:nt="http://www.jcp.org/jcr/nt/1.0"
    jcr:primaryType="nt:unstructured"
    jcr:title="Multifield dialog"
    sling:resourceType="cq/gui/components/authoring/dialog">
    <content
        jcr:primaryType="nt:unstructured"
        sling:resourceType="granite/ui/components/foundation/container">
        <layout
            jcr:primaryType="nt:unstructured"
            sling:resourceType="granite/ui/components/foundation/layouts/container"/>
        <items jcr:primaryType="nt:unstructured">
            <configuration
                jcr:primaryType="nt:unstructured"
                jcr:title="Link Configuration"
                sling:resourceType="granite/ui/components/foundation/section">
                <layout
                    jcr:primaryType="nt:unstructured"
                    sling:resourceType="granite/ui/components/foundation/layouts/fixedcolumns"/>
                <items jcr:primaryType="nt:unstructured">
                    <column
                        jcr:primaryType="nt:unstructured"
                        sling:resourceType="granite/ui/components/foundation/container">
                        <items jcr:primaryType="nt:unstructured">
                            <footerconfiguration
                                jcr:primaryType="nt:unstructured"
                                sling:resourceType="granite/ui/components/foundation/form/multifield"
                                class="full-width"
                                fieldLabel="Footer Links  Configuration">
                                <field
                                    jcr:primaryType="nt:unstructured"
                                    sling:resourceType="granite/ui/components/foundation/form/fieldset"
                                    acs-commons-nested=""
                                    name="./linkMultifield">
                                    <layout
                                        jcr:primaryType="nt:unstructured"
                                        sling:resourceType="granite/ui/components/foundation/layouts/fixedcolumns"
                                        method="absolute"/>
                                    <items jcr:primaryType="nt:unstructured">
                                        <column
                                            jcr:primaryType="nt:unstructured"
                                            sling:resourceType="granite/ui/components/foundation/container">
                                            <items jcr:primaryType="nt:unstructured">
                                                <linkpath
                                                    jcr:primaryType="nt:unstructured"
                                                    sling:resourceType="granite/ui/components/foundation/form/pathbrowser"
                                                    fieldLabel="link"
                                                    name="./linkpath"
                                                    rootPath="/content/"/>
                                                <linktitle
                                                    jcr:primaryType="nt:unstructured"
                                                    sling:resourceType="granite/ui/components/foundation/form/textfield"
                                                    fieldLabel="Text"
                                                    name="./linktitle"
                                                    rootPath="/content/"/>
                                            </items>
                                        </column>
                                    </items>
                                </field>
                            </footerconfiguration>
                        </items>
                    </column>
                </items>
            </configuration>
        </items>
    </content>
</jcr:root>
